--
-- PostgreSQL database dump
--

\restrict 7Dsw9ZVofzrwYFMrgyr0ZdkAuW01mF9PgNamNR2D4Rhvsmm9V3ToeIZM2PSfQSb

-- Dumped from database version 18.1
-- Dumped by pg_dump version 18.1

-- Started on 2026-01-13 22:53:30

SET statement_timeout = 0;
SET lock_timeout = 0;
SET idle_in_transaction_session_timeout = 0;
SET transaction_timeout = 0;
SET client_encoding = 'UTF8';
SET standard_conforming_strings = on;
SELECT pg_catalog.set_config('search_path', '', false);
SET check_function_bodies = false;
SET xmloption = content;
SET client_min_messages = warning;
SET row_security = off;

SET default_tablespace = '';

SET default_table_access_method = heap;

--
-- TOC entry 226 (class 1259 OID 24954)
-- Name: fecha; Type: TABLE; Schema: public; Owner: wsxdev
--

CREATE TABLE public.fecha (
    id_fecha integer NOT NULL,
    anio integer NOT NULL,
    mes character varying(20)
);


ALTER TABLE public.fecha OWNER TO wsxdev;

--
-- TOC entry 225 (class 1259 OID 24953)
-- Name: fecha_id_fecha_seq; Type: SEQUENCE; Schema: public; Owner: wsxdev
--

ALTER TABLE public.fecha ALTER COLUMN id_fecha ADD GENERATED ALWAYS AS IDENTITY (
    SEQUENCE NAME public.fecha_id_fecha_seq
    START WITH 1
    INCREMENT BY 1
    NO MINVALUE
    NO MAXVALUE
    CACHE 1
);


--
-- TOC entry 219 (class 1259 OID 24798)
-- Name: instrucciones; Type: TABLE; Schema: public; Owner: wsxdev
--

CREATE TABLE public.instrucciones (
    id_instruccion character varying(5) NOT NULL,
    instruccion character varying(50) NOT NULL
);


ALTER TABLE public.instrucciones OWNER TO wsxdev;

--
-- TOC entry 227 (class 1259 OID 24991)
-- Name: madre; Type: TABLE; Schema: public; Owner: wsxdev
--

CREATE TABLE public.madre (
    cedula character varying(10) NOT NULL,
    nombre character varying(20),
    apellido character varying(20),
    id_instruccion_madre character varying(5),
    id_provincia_gestacion character(2)
);


ALTER TABLE public.madre OWNER TO wsxdev;

--
-- TOC entry 222 (class 1259 OID 24873)
-- Name: nacimientos_instruccion; Type: TABLE; Schema: public; Owner: wsxdev
--

CREATE TABLE public.nacimientos_instruccion (
    id_nacimiento integer NOT NULL,
    id_instruccion character varying(5) NOT NULL,
    cantidad integer,
    id_fecha integer NOT NULL
);


ALTER TABLE public.nacimientos_instruccion OWNER TO wsxdev;

--
-- TOC entry 221 (class 1259 OID 24872)
-- Name: nacimientos_instruccion_id_nacimiento_seq; Type: SEQUENCE; Schema: public; Owner: wsxdev
--

ALTER TABLE public.nacimientos_instruccion ALTER COLUMN id_nacimiento ADD GENERATED ALWAYS AS IDENTITY (
    SEQUENCE NAME public.nacimientos_instruccion_id_nacimiento_seq
    START WITH 1
    INCREMENT BY 1
    NO MINVALUE
    NO MAXVALUE
    CACHE 1
);


--
-- TOC entry 224 (class 1259 OID 24889)
-- Name: nacimientos_provincias; Type: TABLE; Schema: public; Owner: wsxdev
--

CREATE TABLE public.nacimientos_provincias (
    id_nacimiento integer NOT NULL,
    id_provincia character(2) NOT NULL,
    cantidad integer NOT NULL,
    id_fecha integer NOT NULL
);


ALTER TABLE public.nacimientos_provincias OWNER TO wsxdev;

--
-- TOC entry 223 (class 1259 OID 24888)
-- Name: nacimientos_provincias_id_nacimiento_seq; Type: SEQUENCE; Schema: public; Owner: wsxdev
--

ALTER TABLE public.nacimientos_provincias ALTER COLUMN id_nacimiento ADD GENERATED ALWAYS AS IDENTITY (
    SEQUENCE NAME public.nacimientos_provincias_id_nacimiento_seq
    START WITH 1
    INCREMENT BY 1
    NO MINVALUE
    NO MAXVALUE
    CACHE 1
);


--
-- TOC entry 220 (class 1259 OID 24805)
-- Name: provincias; Type: TABLE; Schema: public; Owner: wsxdev
--

CREATE TABLE public.provincias (
    id_provincia character(2) NOT NULL,
    provincia character varying(50) NOT NULL
);


ALTER TABLE public.provincias OWNER TO wsxdev;

--
-- TOC entry 5058 (class 0 OID 24954)
-- Dependencies: 226
-- Data for Name: fecha; Type: TABLE DATA; Schema: public; Owner: wsxdev
--

COPY public.fecha (id_fecha, anio, mes) FROM stdin;
1	1990	\N
2	1991	\N
3	1992	\N
4	1993	\N
5	1994	\N
6	1995	\N
7	1996	\N
8	1997	\N
9	1998	\N
10	1999	\N
11	2000	\N
12	2001	\N
13	2002	\N
14	2003	\N
15	2004	\N
16	2005	\N
17	2006	\N
18	2007	\N
19	2008	\N
20	2009	\N
21	2010	\N
22	2011	\N
23	2012	\N
24	2013	\N
25	2014	\N
26	2015	\N
27	2016	\N
28	2017	\N
29	2018	\N
30	2019	\N
31	2020	\N
32	2021	\N
33	2022	\N
34	2023	\N
35	2024	\N
\.


--
-- TOC entry 5051 (class 0 OID 24798)
-- Dependencies: 219
-- Data for Name: instrucciones; Type: TABLE DATA; Schema: public; Owner: wsxdev
--

COPY public.instrucciones (id_instruccion, instruccion) FROM stdin;
CALFA	Centro de alfabetización
EB	Educación Básica
BACH	Bachillerato
NING	Ninguno
POST	Postgrado
PRI	Primaria
SEC	Secundaria
SUPNU	Superior no universitario
SUPU	Superior universitario
\.


--
-- TOC entry 5059 (class 0 OID 24991)
-- Dependencies: 227
-- Data for Name: madre; Type: TABLE DATA; Schema: public; Owner: wsxdev
--

COPY public.madre (cedula, nombre, apellido, id_instruccion_madre, id_provincia_gestacion) FROM stdin;
\.


--
-- TOC entry 5054 (class 0 OID 24873)
-- Dependencies: 222
-- Data for Name: nacimientos_instruccion; Type: TABLE DATA; Schema: public; Owner: wsxdev
--

COPY public.nacimientos_instruccion (id_nacimiento, id_instruccion, cantidad, id_fecha) FROM stdin;
1	NING	1546	1
2	CALFA	2552	1
3	PRI	127114	1
4	EB	\N	1
5	SEC	69083	1
6	BACH	\N	1
7	SUPNU	\N	1
8	SUPU	20707	1
9	POST	\N	1
10	NING	1244	2
11	CALFA	2213	2
12	PRI	127269	2
13	EB	\N	2
14	SEC	73305	2
15	BACH	\N	2
16	SUPNU	\N	2
17	SUPU	20915	2
18	POST	\N	2
19	NING	1202	3
20	CALFA	1989	3
21	PRI	127698	3
22	EB	\N	3
23	SEC	75848	3
24	BACH	\N	3
25	SUPNU	\N	3
26	SUPU	22326	3
27	POST	\N	3
28	NING	1220	4
29	CALFA	2090	4
30	PRI	131263	4
31	EB	\N	4
32	SEC	80781	4
33	BACH	\N	4
34	SUPNU	\N	4
35	SUPU	23570	4
36	POST	\N	4
37	NING	1391	5
38	CALFA	2183	5
39	PRI	129407	5
40	EB	\N	5
41	SEC	83165	5
42	BACH	\N	5
43	SUPNU	\N	5
44	SUPU	23451	5
45	POST	\N	5
46	NING	1187	6
47	CALFA	2284	6
48	PRI	121506	6
49	EB	\N	6
50	SEC	80692	6
51	BACH	\N	6
52	SUPNU	\N	6
53	SUPU	22790	6
54	POST	\N	6
55	NING	1054	7
56	CALFA	2160	7
57	PRI	120684	7
58	EB	\N	7
59	SEC	85103	7
60	BACH	\N	7
61	SUPNU	\N	7
62	SUPU	23132	7
63	POST	\N	7
64	NING	955	8
65	CALFA	2224	8
66	PRI	121241	8
67	EB	\N	8
68	SEC	88018	8
69	BACH	\N	8
70	SUPNU	\N	8
71	SUPU	23768	8
72	POST	\N	8
73	NING	1401	9
74	CALFA	2659	9
75	PRI	121874	9
76	EB	\N	9
77	SEC	90523	9
78	BACH	\N	9
79	SUPNU	\N	9
80	SUPU	24246	9
81	POST	\N	9
82	NING	2146	10
83	CALFA	2764	10
84	PRI	133093	10
85	EB	\N	10
86	SEC	101666	10
87	BACH	\N	10
88	SUPNU	\N	10
89	SUPU	25488	10
90	POST	\N	10
91	NING	2082	11
92	CALFA	2475	11
93	PRI	124192	11
94	EB	\N	11
95	SEC	98277	11
96	BACH	\N	11
97	SUPNU	\N	11
98	SUPU	26774	11
99	POST	\N	11
100	NING	1663	12
101	CALFA	1914	12
102	PRI	114377	12
103	EB	\N	12
104	SEC	93361	12
105	BACH	\N	12
106	SUPNU	\N	12
107	SUPU	27048	12
108	POST	\N	12
109	NING	2413	13
110	CALFA	1570	13
111	PRI	112881	13
112	EB	\N	13
113	SEC	93742	13
114	BACH	\N	13
115	SUPNU	\N	13
116	SUPU	28047	13
117	POST	\N	13
118	NING	3749	14
119	CALFA	1717	14
120	PRI	111369	14
121	EB	\N	14
122	SEC	79084	14
123	BACH	\N	14
124	SUPNU	\N	14
125	SUPU	27544	14
126	POST	\N	14
127	NING	1729	15
128	CALFA	24801	15
129	PRI	97682	15
130	EB	\N	15
131	SEC	54214	15
132	BACH	\N	15
133	SUPNU	\N	15
134	SUPU	22304	15
135	POST	\N	15
136	NING	1852	16
137	CALFA	80432	16
138	PRI	72263	16
139	EB	\N	16
140	SEC	16928	16
141	BACH	\N	16
142	SUPNU	\N	16
143	SUPU	4375	16
144	POST	\N	16
145	NING	2412	17
146	CALFA	98440	17
147	PRI	78972	17
148	EB	\N	17
149	SEC	9229	17
150	BACH	\N	17
151	SUPNU	\N	17
152	SUPU	4719	17
153	POST	\N	17
154	NING	3188	18
155	CALFA	96711	18
156	PRI	77728	18
157	EB	\N	18
158	SEC	12634	18
159	BACH	\N	18
160	SUPNU	\N	18
161	SUPU	7936	18
162	POST	\N	18
163	NING	2734	19
164	CALFA	86119	19
165	PRI	78988	19
166	EB	\N	19
167	SEC	20414	19
168	BACH	\N	19
169	SUPNU	\N	19
170	SUPU	17422	19
171	POST	\N	19
172	NING	3191	20
173	CALFA	64026	20
174	PRI	94710	20
175	EB	5765	20
176	SEC	38803	20
177	BACH	4422	20
178	SUPNU	1093	20
179	SUPU	21473	20
180	POST	91	20
181	NING	5325	21
182	CALFA	1392	21
183	PRI	96115	21
184	EB	10901	21
185	SEC	100105	21
186	BACH	9521	21
187	SUPNU	4458	21
188	SUPU	39077	21
189	POST	639	21
190	NING	4899	22
191	CALFA	1236	22
192	PRI	98614	22
193	EB	8247	22
194	SEC	112214	22
195	BACH	4553	22
196	SUPNU	4881	22
197	SUPU	42241	22
198	POST	782	22
199	NING	4323	23
200	CALFA	1194	23
201	PRI	92969	23
202	EB	9942	23
203	SEC	109488	23
204	BACH	4515	23
205	SUPNU	4846	23
206	SUPU	43856	23
207	POST	948	23
208	NING	2579	24
209	CALFA	1143	24
210	PRI	80641	24
211	EB	13582	24
212	SEC	104223	24
213	BACH	4638	24
214	SUPNU	6398	24
215	SUPU	44267	24
216	POST	906	24
217	NING	612	25
218	CALFA	898	25
219	PRI	70842	25
220	EB	20518	25
221	SEC	84939	25
222	BACH	30504	25
223	SUPNU	4157	25
224	SUPU	45439	25
225	POST	852	25
226	NING	1617	26
227	CALFA	908	26
228	PRI	60914	26
229	EB	21136	26
230	SEC	82117	26
231	BACH	47407	26
232	SUPNU	3464	26
233	SUPU	46708	26
234	POST	782	26
235	NING	7967	27
236	CALFA	598	27
237	PRI	56853	27
238	EB	27525	27
239	SEC	96020	27
240	BACH	32928	27
241	SUPNU	3688	27
242	SUPU	47942	27
243	POST	959	27
244	NING	1618	28
245	CALFA	707	28
246	PRI	47838	28
247	EB	44577	28
248	SEC	85461	28
249	BACH	52282	28
250	SUPNU	7998	28
251	SUPU	48051	28
252	POST	716	28
253	NING	1888	29
254	CALFA	358	29
255	PRI	3300	29
256	EB	34754	29
257	SEC	41377	29
258	BACH	145812	29
259	SUPNU	11174	29
260	SUPU	48930	29
261	POST	654	29
262	NING	8537	30
263	CALFA	211	30
264	PRI	30824	30
265	EB	46028	30
266	SEC	69257	30
267	BACH	69526	30
268	SUPNU	12516	30
269	SUPU	48179	30
270	POST	1094	30
271	NING	9845	31
272	CALFA	242	31
273	PRI	25460	31
274	EB	132114	31
275	SEC	12471	31
276	BACH	28144	31
277	SUPNU	13036	31
278	SUPU	44708	31
279	POST	866	31
280	NING	984	32
281	CALFA	219	32
282	PRI	22370	32
283	EB	131076	32
284	SEC	11054	32
285	BACH	30418	32
286	SUPNU	12589	32
287	SUPU	40782	32
288	POST	830	32
289	NING	690	33
290	CALFA	193	33
291	PRI	19137	33
292	EB	128681	33
293	SEC	9180	33
294	BACH	30110	33
295	SUPNU	14526	33
296	SUPU	41209	33
297	POST	1065	33
298	NING	1563	34
299	CALFA	165	34
300	PRI	15479	34
301	EB	120246	34
302	SEC	8887	34
303	BACH	35251	34
304	SUPNU	14602	34
305	SUPU	40665	34
306	POST	1284	34
307	NING	788	35
308	CALFA	106	35
309	PRI	11348	35
310	EB	106923	35
311	SEC	6652	35
312	BACH	33313	35
313	SUPNU	14275	35
314	SUPU	38612	35
315	POST	1632	35
\.


--
-- TOC entry 5056 (class 0 OID 24889)
-- Dependencies: 224
-- Data for Name: nacimientos_provincias; Type: TABLE DATA; Schema: public; Owner: wsxdev
--

COPY public.nacimientos_provincias (id_nacimiento, id_provincia, cantidad, id_fecha) FROM stdin;
1	01	14239	1
2	02	5514	1
3	03	5210	1
4	04	4044	1
5	05	10376	1
6	06	12487	1
7	07	10981	1
8	08	11573	1
9	09	58018	1
10	10	9305	1
11	11	11809	1
12	12	14846	1
13	13	33182	1
14	14	3020	1
15	15	2492	1
16	16	1379	1
17	17	40826	1
18	18	10714	1
19	19	2305	1
20	20	188	1
21	21	2378	1
22	22	1692	1
23	23	6317	1
24	24	5826	1
25	01	14967	2
26	02	5396	2
27	03	5426	2
28	04	3960	2
29	05	10753	2
30	06	12890	2
31	07	11636	2
32	08	12344	2
33	09	60086	2
34	10	9518	2
35	11	12235	2
36	12	15586	2
37	13	33030	2
38	14	3226	2
39	15	2729	2
40	16	1425	2
41	17	42234	2
42	18	11208	2
43	19	2353	2
44	20	211	2
45	21	2621	2
46	22	1661	2
47	23	6536	2
48	24	4957	2
49	01	14639	3
50	02	5554	3
51	03	5416	3
52	04	3933	3
53	05	10651	3
54	06	12700	3
55	07	11736	3
56	08	11935	3
57	09	60193	3
58	10	9653	3
59	11	12343	3
60	12	15232	3
61	13	32527	3
62	14	3048	3
63	15	2618	3
64	16	1513	3
65	17	42335	3
66	18	11088	3
67	19	2551	3
68	20	227	3
69	21	2629	3
70	22	1859	3
71	23	6292	3
72	24	4994	3
73	01	13377	4
74	02	5399	4
75	03	5034	4
76	04	3859	4
77	05	10960	4
78	06	12602	4
79	07	11653	4
80	08	11667	4
81	09	57789	4
82	10	9466	4
83	11	11704	4
84	12	14161	4
85	13	33012	4
86	14	2929	4
87	15	2489	4
88	16	1444	4
89	17	43115	4
90	18	11320	4
91	19	2235	4
92	20	262	4
93	21	2665	4
94	22	2062	4
95	23	5484	4
96	24	5116	4
97	01	13354	5
98	02	5317	5
99	03	5096	5
100	04	3639	5
101	05	10608	5
102	06	12620	5
103	07	11759	5
104	08	11732	5
105	09	56858	5
106	10	9598	5
107	11	11814	5
108	12	14346	5
109	13	32048	5
110	14	2914	5
111	15	2477	5
112	16	1550	5
113	17	42367	5
114	18	11315	5
115	19	2396	5
116	20	280	5
117	21	2865	5
118	22	2149	5
119	23	5785	5
120	24	4935	5
121	01	13054	6
122	02	4848	6
123	03	4516	6
124	04	3340	6
125	05	10438	6
126	06	12258	6
127	07	11520	6
128	08	10842	6
129	09	56499	6
130	10	9339	6
131	11	11288	6
132	12	13744	6
133	13	31083	6
134	14	2693	6
135	15	2475	6
136	16	1374	6
137	17	42873	6
138	18	10808	6
139	19	2356	6
140	20	279	6
141	21	2793	6
142	22	2189	6
143	23	6117	6
144	24	4809	6
145	01	12263	7
146	02	4790	7
147	03	4223	7
148	04	3172	7
149	05	10339	7
150	06	11687	7
151	07	11573	7
152	08	10892	7
153	09	57772	7
154	10	9280	7
155	11	10852	7
156	12	14381	7
157	13	29981	7
158	14	2558	7
159	15	2492	7
160	16	1397	7
161	17	44218	7
162	18	10658	7
163	19	2344	7
164	20	254	7
165	21	2832	7
166	22	2155	7
167	23	6088	7
168	24	5066	7
169	01	12926	8
170	02	4884	8
171	03	4421	8
172	04	3269	8
173	05	9987	8
174	06	11304	8
175	07	11405	8
176	08	11140	8
177	09	57030	8
178	10	9641	8
179	11	10849	8
180	12	14549	8
181	13	29456	8
182	14	2732	8
183	15	2614	8
184	16	1551	8
185	17	44195	8
186	18	10381	8
187	19	2519	8
188	20	288	8
189	21	3315	8
190	22	2303	8
191	23	6427	8
192	24	4818	8
193	01	13663	9
194	02	4654	9
195	03	4509	9
196	04	3435	9
197	05	10140	9
198	06	11747	9
199	07	11286	9
200	08	10663	9
201	09	60026	9
202	10	9753	9
203	11	10915	9
204	12	14063	9
205	13	27326	9
206	14	2994	9
207	15	2594	9
208	16	1743	9
209	17	45654	9
210	18	10606	9
211	19	2386	9
212	20	297	9
213	21	3315	9
214	22	2391	9
215	23	6972	9
216	24	5133	9
217	01	13318	10
218	02	4867	10
219	03	4605	10
220	04	3262	10
221	05	10207	10
222	06	11257	10
223	07	13276	10
224	08	12633	10
225	09	73859	10
226	10	9724	10
227	11	11113	10
228	12	18045	10
229	13	33398	10
230	14	2870	10
231	15	2661	10
232	16	1610	10
233	17	45448	10
234	18	10612	10
235	19	2432	10
236	20	331	10
237	21	3399	10
238	22	2561	10
239	23	7889	10
240	24	6437	10
241	01	12602	11
242	02	4809	11
243	03	4365	11
244	04	3140	11
245	05	9723	11
246	06	11393	11
247	07	12825	11
248	08	12190	11
249	09	69833	11
250	10	9635	11
251	11	10793	11
252	12	17602	11
253	13	34448	11
254	14	2366	11
255	15	2546	11
256	16	1553	11
257	17	44586	11
258	18	10291	11
259	19	2176	11
260	20	424	11
261	21	3340	11
262	22	2702	11
263	23	7523	11
264	24	6173	11
265	01	12066	12
266	02	4648	12
267	03	3921	12
268	04	3051	12
269	05	9924	12
270	06	11130	12
271	07	11653	12
272	08	11368	12
273	09	62769	12
274	10	9293	12
275	11	10066	12
276	12	16065	12
277	13	32164	12
278	14	2447	12
279	15	2490	12
280	16	1677	12
281	17	43242	12
282	18	10114	12
283	19	2125	12
284	20	425	12
285	21	3208	12
286	22	2556	12
287	23	6768	12
288	24	6014	12
289	01	12427	13
290	02	4697	13
291	03	3587	13
292	04	3094	13
293	05	9802	13
294	06	10691	13
295	07	11560	13
296	08	10608	13
297	09	62438	13
298	10	9087	13
299	11	9915	13
300	12	15750	13
301	13	31198	13
302	14	2715	13
303	15	2593	13
304	16	1686	13
305	17	44568	13
306	18	10025	13
307	19	2064	13
308	20	407	13
309	21	3110	13
310	22	2490	13
311	23	6736	13
312	24	5641	13
313	01	11896	14
314	02	4488	14
315	03	3508	14
316	04	2900	14
317	05	9643	14
318	06	10568	14
319	07	9919	14
320	08	9910	14
321	09	59074	14
322	10	8926	14
323	11	9261	14
324	12	15591	14
325	13	26310	14
326	14	2773	14
327	15	2587	14
328	16	1697	14
329	17	44533	14
330	18	9745	14
331	19	1965	14
332	20	412	14
333	21	2975	14
334	22	2379	14
335	23	6473	14
336	24	5196	14
337	01	11778	15
338	02	4176	15
339	03	3445	15
340	04	2680	15
341	05	9136	15
342	06	10116	15
343	07	9629	15
344	08	10468	15
345	09	56455	15
346	10	8856	15
347	11	9191	15
348	12	13746	15
349	13	25327	15
350	14	2578	15
351	15	2514	15
352	16	1681	15
353	17	44775	15
354	18	9280	15
355	19	1759	15
356	20	433	15
357	21	3030	15
358	22	2383	15
359	23	6276	15
360	24	5253	15
361	01	11119	16
362	02	3926	16
363	03	3396	16
364	04	2570	16
365	05	8639	16
366	06	10063	16
367	07	9809	16
368	08	9832	16
369	09	59241	16
370	10	8909	16
371	11	8978	16
372	12	14000	16
373	13	24737	16
374	14	2689	16
375	15	2646	16
376	16	1731	16
377	17	42803	16
378	18	9112	16
379	19	1863	16
380	20	330	16
381	21	2973	16
382	22	2614	16
383	23	6128	16
384	24	5367	16
385	01	12207	17
386	02	4035	17
387	03	3576	17
388	04	2745	17
389	05	8879	17
390	06	10064	17
391	07	10769	17
392	08	10990	17
393	09	67535	17
394	10	9017	17
395	11	9309	17
396	12	16457	17
397	13	28548	17
398	14	3267	17
399	15	2730	17
400	16	1856	17
401	17	46150	17
402	18	9419	17
403	19	1975	17
404	20	390	17
405	21	3461	17
406	22	2817	17
407	23	6903	17
408	24	6338	17
409	01	13441	18
410	02	4035	18
411	03	3762	18
412	04	2905	18
413	05	9078	18
414	06	9902	18
415	07	11780	18
416	08	10488	18
417	09	68631	18
418	10	9297	18
419	11	9380	18
420	12	15378	18
421	13	28260	18
422	14	3311	18
423	15	2863	18
424	16	1876	18
425	17	47506	18
426	18	9452	18
427	19	2014	18
428	20	369	18
429	21	3779	18
430	22	3066	18
431	23	7849	18
432	24	6693	18
433	01	13668	19
434	02	3820	19
435	03	4028	19
436	04	2819	19
437	05	8678	19
438	06	9770	19
439	07	12314	19
440	08	10798	19
441	09	71045	19
442	10	9248	19
443	11	9380	19
444	12	16281	19
445	13	28316	19
446	14	3463	19
447	15	2875	19
448	16	1925	19
449	17	48472	19
450	18	9319	19
451	19	2022	19
452	20	343	19
453	21	4094	19
454	22	3541	19
455	23	9159	19
456	24	7034	19
457	01	13779	20
458	02	3737	20
459	03	4204	20
460	04	2713	20
461	05	8693	20
462	06	9635	20
463	07	12351	20
464	08	11209	20
465	09	73390	20
466	10	9103	20
467	11	9282	20
468	12	17666	20
469	13	30068	20
470	14	3968	20
471	15	3004	20
472	16	2155	20
473	17	48847	20
474	18	9725	20
475	19	2020	20
476	20	405	20
477	21	4142	20
478	22	3467	20
479	23	9579	20
480	24	7542	20
481	01	14052	21
482	02	3694	21
483	03	4211	21
484	04	2788	21
485	05	8892	21
486	06	9344	21
487	07	11938	21
488	08	10518	21
489	09	74538	21
490	10	9212	21
491	11	9202	21
492	12	17075	21
493	13	27540	21
494	14	4095	21
495	15	2789	21
496	16	2232	21
497	17	47561	21
498	18	9811	21
499	19	2032	21
500	20	354	21
501	21	4031	21
502	22	3579	21
503	23	9709	21
504	24	7173	21
505	01	14565	22
506	02	3573	22
507	03	4322	22
508	04	2756	22
509	05	8795	22
510	06	9642	22
511	07	12755	22
512	08	11383	22
513	09	78988	22
514	10	9294	22
515	11	9461	22
516	12	17678	22
517	13	28159	22
518	14	4165	22
519	15	3129	22
520	16	2440	22
521	17	48757	22
522	18	10076	22
523	19	2113	22
524	20	386	22
525	21	4494	22
526	22	3820	22
527	23	10501	22
528	24	7568	22
529	01	15029	23
530	02	3441	23
531	03	4406	23
532	04	2755	23
533	05	8617	23
534	06	9039	23
535	07	12794	23
536	08	11468	23
537	09	78051	23
538	10	8862	23
539	11	9277	23
540	12	17324	23
541	13	27662	23
542	14	4773	23
543	15	3180	23
544	16	2634	23
545	17	50416	23
546	18	10183	23
547	19	2144	23
548	20	406	23
549	21	4818	23
550	22	4301	23
551	23	10444	23
552	24	7361	23
553	01	14680	24
554	02	3067	24
555	03	4192	24
556	04	2635	24
557	05	8018	24
558	06	8636	24
559	07	12367	24
560	08	10833	24
561	09	77014	24
562	10	8679	24
563	11	8757	24
564	12	15801	24
565	13	24367	24
566	14	4696	24
567	15	3012	24
568	16	2463	24
569	17	49532	24
570	18	9754	24
571	19	1850	24
572	20	353	24
573	21	4786	24
574	22	4101	24
575	23	10547	24
576	24	6685	24
577	01	14650	25
578	02	2924	25
579	03	4096	25
580	04	2714	25
581	05	7651	25
582	06	8274	25
583	07	12279	25
584	08	10684	25
585	09	77318	25
586	10	8552	25
587	11	8589	25
588	12	15501	25
589	13	23536	25
590	14	4471	25
591	15	2821	25
592	16	2466	25
593	17	48604	25
594	18	9530	25
595	19	1773	25
596	20	285	25
597	21	4583	25
598	22	4223	25
599	23	11089	25
600	24	6478	25
601	01	14716	26
602	02	2746	26
603	03	4118	26
604	04	2632	26
605	05	7471	26
606	06	8010	26
607	07	12534	26
608	08	10553	26
609	09	76264	26
610	10	8390	26
611	11	8265	26
612	12	15526	26
613	13	22688	26
614	14	4899	26
615	15	2758	26
616	16	2611	26
617	17	48762	26
618	18	9497	26
619	19	1741	26
620	20	342	26
621	21	4634	26
622	22	4264	26
623	23	11414	26
624	24	6139	26
625	01	13946	27
626	02	2673	27
627	03	4277	27
628	04	2628	27
629	05	7314	27
630	06	7880	27
631	07	12548	27
632	08	10063	27
633	09	70891	27
634	10	8355	27
635	11	8452	27
636	12	15978	27
637	13	22413	27
638	14	4971	27
639	15	2710	27
640	16	2574	27
641	17	48333	27
642	18	9280	27
643	19	1631	27
644	20	360	27
645	21	4307	27
646	22	3729	27
647	23	10879	27
648	24	6134	27
649	01	14043	28
650	02	2761	28
651	03	4451	28
652	04	2428	28
653	05	7227	28
654	06	7620	28
655	07	12821	28
656	08	11693	28
657	09	75248	28
658	10	8240	28
659	11	7908	28
660	12	17208	28
661	13	23951	28
662	14	5207	28
663	15	2742	28
664	16	2609	28
665	17	47707	28
666	18	9307	28
667	19	1821	28
668	20	351	28
669	21	4548	28
670	22	4060	28
671	23	11719	28
672	24	6671	28
673	01	13486	29
674	02	2614	29
675	03	4481	29
676	04	2485	29
677	05	7170	29
678	06	7586	29
679	07	13422	29
680	08	12180	29
681	09	75321	29
682	10	8138	29
683	11	8226	29
684	12	17809	29
685	13	25662	29
686	14	4825	29
687	15	2679	29
688	16	2563	29
689	17	47491	29
690	18	9194	29
691	19	1795	29
692	20	343	29
693	21	4679	29
694	22	3683	29
695	23	12056	29
696	24	6821	29
697	01	12858	30
698	02	2595	30
699	03	4458	30
700	04	2394	30
701	05	7057	30
702	06	7196	30
703	07	13796	30
704	08	11310	30
705	09	74057	30
706	10	7827	30
707	11	7719	30
708	12	17471	30
709	13	24539	30
710	14	4770	30
711	15	2681	30
712	16	2395	30
713	17	45921	30
714	18	8653	30
715	19	1794	30
716	20	397	30
717	21	4363	30
718	22	3632	30
719	23	12595	30
720	24	6730	30
721	01	11614	31
722	02	2526	31
723	03	3840	31
724	04	2281	31
725	05	7067	31
726	06	6919	31
727	07	12548	31
728	08	10530	31
729	09	70001	31
730	10	7047	31
731	11	7329	31
732	12	17451	31
733	13	24220	31
734	14	4159	31
735	15	2481	31
736	16	2144	31
737	17	40479	31
738	18	8444	31
739	19	1764	31
740	20	387	31
741	21	3765	31
742	22	3366	31
743	23	11215	31
744	24	6543	31
745	01	10112	32
746	02	2318	32
747	03	3403	32
748	04	2032	32
749	05	6394	32
750	06	5968	32
751	07	11786	32
752	08	10528	32
753	09	67461	32
754	10	6319	32
755	11	6757	32
756	12	17799	32
757	13	23891	32
758	14	4247	32
759	15	2729	32
760	16	2345	32
761	17	34436	32
762	18	7352	32
763	19	1676	32
764	20	332	32
765	21	3585	32
766	22	3503	32
767	23	10691	32
768	24	6931	32
769	01	10022	33
770	02	2284	33
771	03	3123	33
772	04	1965	33
773	05	6539	33
774	06	6177	33
775	07	11698	33
776	08	11477	33
777	09	64770	33
778	10	6744	33
779	11	6642	33
780	12	17349	33
781	13	23488	33
782	14	4208	33
783	15	2822	33
784	16	2268	33
785	17	35481	33
786	18	7264	33
787	19	1717	33
788	20	339	33
789	21	3708	33
790	22	3745	33
791	23	10702	33
792	24	6773	33
793	01	9611	34
794	02	2098	34
795	03	3044	34
796	04	1981	34
797	05	6094	34
798	06	5745	34
799	07	10958	34
800	08	10466	34
801	09	62046	34
802	10	6556	34
803	11	6130	34
804	12	16174	34
805	13	22763	34
806	14	4056	34
807	15	2730	34
808	16	2305	34
809	17	34126	34
810	18	6929	34
811	19	1560	34
812	20	351	34
813	21	3675	34
814	22	3614	34
815	23	10204	34
816	24	6461	34
817	01	8692	35
818	02	1981	35
819	03	2552	35
820	04	1783	35
821	05	5505	35
822	06	5193	35
823	07	9587	35
824	08	8701	35
825	09	56032	35
826	10	6170	35
827	11	5628	35
828	12	14091	35
829	13	20473	35
830	14	3606	35
831	15	2502	35
832	16	2070	35
833	17	31634	35
834	18	6455	35
835	19	1363	35
836	20	318	35
837	21	3530	35
838	22	3411	35
839	23	8909	35
840	24	5528	35
\.


--
-- TOC entry 5052 (class 0 OID 24805)
-- Dependencies: 220
-- Data for Name: provincias; Type: TABLE DATA; Schema: public; Owner: wsxdev
--

COPY public.provincias (id_provincia, provincia) FROM stdin;
01	Azuay
02	Bolivar
03	Cañar
04	Carchi
05	Cotopaxi
06	Chimborazo
07	El Oro
08	Esmeraldas
09	Guayas
10	Imbabura
11	Loja
12	Los Ríos
13	Manabí
14	Morona Santiago
15	Napo
16	Pastaza
17	Pichincha
18	Tungurahua
19	Zamora Chinchipe
20	Galápagos
21	Sucumbíos
22	Orellana
23	Santo Domingo de los Tsáchilas
24	Santa Elena
\.


--
-- TOC entry 5065 (class 0 OID 0)
-- Dependencies: 225
-- Name: fecha_id_fecha_seq; Type: SEQUENCE SET; Schema: public; Owner: wsxdev
--

SELECT pg_catalog.setval('public.fecha_id_fecha_seq', 35, true);


--
-- TOC entry 5066 (class 0 OID 0)
-- Dependencies: 221
-- Name: nacimientos_instruccion_id_nacimiento_seq; Type: SEQUENCE SET; Schema: public; Owner: wsxdev
--

SELECT pg_catalog.setval('public.nacimientos_instruccion_id_nacimiento_seq', 315, true);


--
-- TOC entry 5067 (class 0 OID 0)
-- Dependencies: 223
-- Name: nacimientos_provincias_id_nacimiento_seq; Type: SEQUENCE SET; Schema: public; Owner: wsxdev
--

SELECT pg_catalog.setval('public.nacimientos_provincias_id_nacimiento_seq', 840, true);


--
-- TOC entry 4891 (class 2606 OID 24962)
-- Name: fecha fecha_anio_key; Type: CONSTRAINT; Schema: public; Owner: wsxdev
--

ALTER TABLE ONLY public.fecha
    ADD CONSTRAINT fecha_anio_key UNIQUE (anio);


--
-- TOC entry 4893 (class 2606 OID 24960)
-- Name: fecha fecha_pkey; Type: CONSTRAINT; Schema: public; Owner: wsxdev
--

ALTER TABLE ONLY public.fecha
    ADD CONSTRAINT fecha_pkey PRIMARY KEY (id_fecha);


--
-- TOC entry 4879 (class 2606 OID 24804)
-- Name: instrucciones instrucciones_pkey; Type: CONSTRAINT; Schema: public; Owner: wsxdev
--

ALTER TABLE ONLY public.instrucciones
    ADD CONSTRAINT instrucciones_pkey PRIMARY KEY (id_instruccion);


--
-- TOC entry 4897 (class 2606 OID 24996)
-- Name: madre madre_pkey; Type: CONSTRAINT; Schema: public; Owner: wsxdev
--

ALTER TABLE ONLY public.madre
    ADD CONSTRAINT madre_pkey PRIMARY KEY (cedula);


--
-- TOC entry 4895 (class 2606 OID 25008)
-- Name: fecha mes; Type: CONSTRAINT; Schema: public; Owner: wsxdev
--

ALTER TABLE ONLY public.fecha
    ADD CONSTRAINT mes UNIQUE (mes);


--
-- TOC entry 4883 (class 2606 OID 24880)
-- Name: nacimientos_instruccion nacimientos_instruccion_pkey; Type: CONSTRAINT; Schema: public; Owner: wsxdev
--

ALTER TABLE ONLY public.nacimientos_instruccion
    ADD CONSTRAINT nacimientos_instruccion_pkey PRIMARY KEY (id_nacimiento);


--
-- TOC entry 4887 (class 2606 OID 24897)
-- Name: nacimientos_provincias nacimientos_provincias_pkey; Type: CONSTRAINT; Schema: public; Owner: wsxdev
--

ALTER TABLE ONLY public.nacimientos_provincias
    ADD CONSTRAINT nacimientos_provincias_pkey PRIMARY KEY (id_nacimiento);


--
-- TOC entry 4881 (class 2606 OID 24811)
-- Name: provincias provincias_pkey; Type: CONSTRAINT; Schema: public; Owner: wsxdev
--

ALTER TABLE ONLY public.provincias
    ADD CONSTRAINT provincias_pkey PRIMARY KEY (id_provincia);


--
-- TOC entry 4885 (class 2606 OID 24978)
-- Name: nacimientos_instruccion uq_fecha_instruccion; Type: CONSTRAINT; Schema: public; Owner: wsxdev
--

ALTER TABLE ONLY public.nacimientos_instruccion
    ADD CONSTRAINT uq_fecha_instruccion UNIQUE (id_fecha, id_instruccion);


--
-- TOC entry 4889 (class 2606 OID 24976)
-- Name: nacimientos_provincias uq_fecha_provincia; Type: CONSTRAINT; Schema: public; Owner: wsxdev
--

ALTER TABLE ONLY public.nacimientos_provincias
    ADD CONSTRAINT uq_fecha_provincia UNIQUE (id_fecha, id_provincia);


--
-- TOC entry 4898 (class 2606 OID 24970)
-- Name: nacimientos_instruccion fk_nacimientos_fecha; Type: FK CONSTRAINT; Schema: public; Owner: wsxdev
--

ALTER TABLE ONLY public.nacimientos_instruccion
    ADD CONSTRAINT fk_nacimientos_fecha FOREIGN KEY (id_fecha) REFERENCES public.fecha(id_fecha);


--
-- TOC entry 4900 (class 2606 OID 24964)
-- Name: nacimientos_provincias fk_nacimientos_fecha; Type: FK CONSTRAINT; Schema: public; Owner: wsxdev
--

ALTER TABLE ONLY public.nacimientos_provincias
    ADD CONSTRAINT fk_nacimientos_fecha FOREIGN KEY (id_fecha) REFERENCES public.fecha(id_fecha);


--
-- TOC entry 4902 (class 2606 OID 24997)
-- Name: madre madre_id_instruccion_madre_fkey; Type: FK CONSTRAINT; Schema: public; Owner: wsxdev
--

ALTER TABLE ONLY public.madre
    ADD CONSTRAINT madre_id_instruccion_madre_fkey FOREIGN KEY (id_instruccion_madre) REFERENCES public.instrucciones(id_instruccion);


--
-- TOC entry 4903 (class 2606 OID 25002)
-- Name: madre madre_id_provincia_gestacion_fkey; Type: FK CONSTRAINT; Schema: public; Owner: wsxdev
--

ALTER TABLE ONLY public.madre
    ADD CONSTRAINT madre_id_provincia_gestacion_fkey FOREIGN KEY (id_provincia_gestacion) REFERENCES public.provincias(id_provincia);


--
-- TOC entry 4899 (class 2606 OID 24883)
-- Name: nacimientos_instruccion nacimientos_instruccion_id_instruccion_fkey; Type: FK CONSTRAINT; Schema: public; Owner: wsxdev
--

ALTER TABLE ONLY public.nacimientos_instruccion
    ADD CONSTRAINT nacimientos_instruccion_id_instruccion_fkey FOREIGN KEY (id_instruccion) REFERENCES public.instrucciones(id_instruccion);


--
-- TOC entry 4901 (class 2606 OID 24900)
-- Name: nacimientos_provincias nacimientos_provincias_id_provincia_fkey; Type: FK CONSTRAINT; Schema: public; Owner: wsxdev
--

ALTER TABLE ONLY public.nacimientos_provincias
    ADD CONSTRAINT nacimientos_provincias_id_provincia_fkey FOREIGN KEY (id_provincia) REFERENCES public.provincias(id_provincia);


-- Completed on 2026-01-13 22:53:31

--
-- PostgreSQL database dump complete
--

\unrestrict 7Dsw9ZVofzrwYFMrgyr0ZdkAuW01mF9PgNamNR2D4Rhvsmm9V3ToeIZM2PSfQSb

